<?xml version="1.0" encoding="UTF-8"?>
<project-private xmlns="http://www.netbeans.org/ns/project-private/1">
    <editor-bookmarks xmlns="http://www.netbeans.org/ns/editor-bookmarks/2" lastBookmarkId="0"/>
    <open-files xmlns="http://www.netbeans.org/ns/projectui-open-files/2">
        <group>
            <file>file:/D:/nofiatun/kasir%2012RPL%20pertama/src/login.java</file>
            <file>file:/D:/nofiatun/kasir%2012RPL%20pertama/src/kasir/pkg12rpl/pertama/login.java</file>
            <file>file:/D:/nofiatun/kasir%2012RPL%20pertama/src/Kasir.java</file>
            <file>file:/D:/nofiatun/kasir%2012RPL%20pertama/src/kasir/pkg12rpl/pertama/dasbhord.java</file>
            <file>file:/D:/nofiatun/kasir%2012RPL%20pertama/src/kasir/pkg12rpl/pertama/Koneksi.java</file>
            <file>file:/D:/nofiatun/kasir%2012RPL%20pertama/src/kasir/pkg12rpl/pertama/Kasir12RPLPertama.java</file>
            <file>file:/D:/nofiatun/kasir%2012RPL%20pertama/src/kasir/pkg12rpl/pertama/register.java</file>
        </group>
    </open-files>
</project-private>
